INSERT INTO SiglaInfo (sigla, nAulasSemanais, materialDidatico, nome) VALUES
('MAT101', 4, 'Cálculo I', 'Matemática Básica'),
('FIS101', 4, 'Física I', 'Física Geral'),
('QUI101', 3, 'Química I', 'Química Geral'),
('BIO101', 3, 'Biologia I', 'Biologia Geral'),
('HIST101', 2, 'História Geral', 'História Antiga'),
('GEO101', 2, 'Geografia Geral', 'Geografia Física'),
('PORT101', 4, 'Português I', 'Língua Portuguesa'),
('ENG101', 5, 'Inglês I', 'Inglês Básico'),
('ESP101', 4, 'Espanhol I', 'Espanhol para iniciantes'),
('FRA101', 3, 'Francês I', 'Francês para iniciantes'),
('MAT102', 5, 'Cálculo II', 'Álgebra Linear'),
('FIS102', 5, 'Física II', 'Mecânica Quântica'),
('QUI102', 4, 'Química II', 'Química Orgânica'),
('BIO102', 4, 'Biologia II', 'Genética'),
('HIST102', 3, 'História Contemporânea', 'História Moderna'),
('GEO102', 4, 'Geografia Econômica', 'Geografia Humana'),
('PORT102', 3, 'Português II', 'Literatura Brasileira'),
('ENG102', 5, 'Inglês II', 'Inglês Intermediário'),
('ESP102', 4, 'Espanhol II', 'Espanhol Avançado');

INSERT INTO UnidadeDaEscola (idUnidade, cidade, estado, pais, bloco) VALUES
(1, 'São Paulo', 'SP', 'Brasil', 'Bloco A'),
(2, 'Rio de Janeiro', 'RJ', 'Brasil', 'Bloco B'),
(3, 'Belo Horizonte', 'MG', 'Brasil', 'Bloco C'),
(4, 'Curitiba', 'PR', 'Brasil', 'Bloco D'),
(5, 'Porto Alegre', 'RS', 'Brasil', 'Bloco E'),
(6, 'Salvador', 'BA', 'Brasil', 'Bloco F'),
(7, 'Fortaleza', 'CE', 'Brasil', 'Bloco G'),
(8, 'Recife', 'PE', 'Brasil', 'Bloco H'),
(9, 'Brasília', 'DF', 'Brasil', 'Bloco I'),
(10, 'Manaus', 'AM', 'Brasil', 'Bloco J'),
(11, 'São Paulo', 'SP', 'Brasil', 'Bloco K'),
(12, 'Rio de Janeiro', 'RJ', 'Brasil', 'Bloco L'),
(13, 'Belo Horizonte', 'MG', 'Brasil', 'Bloco M'),
(14, 'Curitiba', 'PR', 'Brasil', 'Bloco N'),
(15, 'Porto Alegre', 'RS', 'Brasil', 'Bloco O'),
(16, 'Salvador', 'BA', 'Brasil', 'Bloco P'),
(17, 'Fortaleza', 'CE', 'Brasil', 'Bloco Q'),
(18, 'Recife', 'PE', 'Brasil', 'Bloco R'),
(19, 'Brasília', 'DF', 'Brasil', 'Bloco S'),
(20, 'Manaus', 'AM', 'Brasil', 'Bloco T');

INSERT INTO DadosUsuario (idUsuario, nome, sobrenome, telefone, vinculo, dataNasc, enderNumero, cidade, bairro, estado, pais, sexo, email, senha, areaEspecializacao, titulacao) VALUES
(1, 'Lucas', 'Silva', '123456789', 'Aluno', '2000-03-15', '123', 'São Paulo', 'Centro', 'São Paulo', 'Brasil', 'Masculino', 'lucas.silva@email.com', 'senha123', 'Matemática', 'Bacharel'),
(2, 'Maria', 'Oliveira', '987654321', 'Professor', '1985-06-22', '456', 'Rio de Janeiro', 'Botafogo', 'Rio de Janeiro', 'Brasil', 'Feminino', 'maria.oliveira@email.com', 'senha456', 'Física', 'Mestre'),
(3, 'José', 'Santos', '564738291', 'Aluno', '1999-11-05', '789', 'Belo Horizonte', 'Savassi', 'Minas Gerais', 'Brasil', 'Masculino', 'jose.santos@email.com', 'senha789', 'Biologia', 'Licenciado'),
(4, 'Ana', 'Costa', '123789456', 'Professor', '1978-07-12', '1011', 'Curitiba', 'Batel', 'Paraná', 'Brasil', 'Feminino', 'ana.costa@email.com', 'senha012', 'Química', 'Doutora'),
(5, 'Carlos', 'Almeida', '478395624', 'Aluno', '2001-09-20', '1213', 'Porto Alegre', 'Moinhos de Vento', 'Rio Grande do Sul', 'Brasil', 'Masculino', 'carlos.almeida@email.com', 'senha345', 'Engenharia', 'Bacharel'),
(6, 'Beatriz', 'Pereira', '987654312', 'Professor', '1980-01-30', '1415', 'Salvador', 'Barra', 'Bahia', 'Brasil', 'Feminino', 'beatriz.pereira@email.com', 'senha678', 'Geografia', 'Mestre'),
(7, 'Marcos', 'Martins', '123456788', 'Aluno', '2002-04-10', '1617', 'Recife', 'Boa Viagem', 'Pernambuco', 'Brasil', 'Masculino', 'marcos.martins@email.com', 'senha910', 'História', 'Licenciado'),
(8, 'Juliana', 'Rodrigues', '564738290', 'Professor', '1975-03-25', '1819', 'Fortaleza', 'Aldeota', 'Ceará', 'Brasil', 'Feminino', 'juliana.rodrigues@email.com', 'senha112', 'Português', 'Doutora'),
(9, 'Gabriel', 'Ferreira', '987654313', 'Aluno', '2000-12-15', '2021', 'Manaus', 'Centro', 'Amazonas', 'Brasil', 'Masculino', 'gabriel.ferreira@email.com', 'senha113', 'Filosofia', 'Licenciado'),
(10, 'Fernanda', 'Sousa', '456789123', 'Professor', '1982-08-19', '2223', 'São Luís', 'Calhau', 'Maranhão', 'Brasil', 'Feminino', 'fernanda.sousa@email.com', 'senha114', 'Artes', 'Mestre'),
(11, 'Roberta', 'Lima', '678912345', 'Aluno', '2000-01-25', '2425', 'Belém', 'Batista Campos', 'Pará', 'Brasil', 'Feminino', 'roberta.lima@email.com', 'senha115', 'Sociologia', 'Licenciada'),
(12, 'Lucas', 'Pires', '543216789', 'Professor', '1979-02-17', '2627', 'Goiânia', 'Setor Central', 'Goiás', 'Brasil', 'Masculino', 'lucas.pires@email.com', 'senha116', 'Psicologia', 'Doutor'),
(13, 'Patrícia', 'Santos', '654738291', 'Aluno', '1998-04-12', '2829', 'Florianópolis', 'Centro', 'Santa Catarina', 'Brasil', 'Feminino', 'patricia.santos@email.com', 'senha117', 'Medicina', 'Bacharel'),
(14, 'Felipe', 'Gomes', '987123456', 'Professor', '1984-09-03', '3031', 'Campo Grande', 'Centro', 'Mato Grosso do Sul', 'Brasil', 'Masculino', 'felipe.gomes@email.com', 'senha118', 'Matemática', 'Mestre'),
(15, 'Carla', 'Martins', '987654310', 'Aluno', '2003-06-09', '3233', 'Aracaju', 'Jardins', 'Sergipe', 'Brasil', 'Feminino', 'carla.martins@email.com', 'senha119', 'Enfermagem', 'Licenciada'),
(16, 'Thiago', 'Oliveira', '123456789', 'Professor', '1983-07-25', '3435', 'Natal', 'Ponta Negra', 'Rio Grande do Norte', 'Brasil', 'Masculino', 'thiago.oliveira@email.com', 'senha120', 'Engenharia', 'Doutor'),
(17, 'Juliana', 'Fernandes', '789456123', 'Aluno', '2001-02-28', '3637', 'Porto Alegre', 'Vila Flores', 'Rio Grande do Sul', 'Brasil', 'Feminino', 'juliana.fernandes@email.com', 'senha121', 'Química', 'Licenciada'),
(18, 'Ricardo', 'Dias', '987654314', 'Professor', '1976-05-10', '3839', 'Belo Horizonte', 'Santo Agostinho', 'Minas Gerais', 'Brasil', 'Masculino', 'ricardo.dias@email.com', 'senha122', 'Engenharia', 'Mestre'),
(19, 'André', 'Cavalcante', '654738292', 'Aluno', '1997-03-20', '4041', 'Rio de Janeiro', 'Copacabana', 'Rio de Janeiro', 'Brasil', 'Masculino', 'andre.cavalcante@email.com', 'senha123', 'Medicina', 'Bacharel'),
(20, 'Sandra', 'Ribeiro', '123789456', 'Professor', '1980-12-11', '4243', 'São Paulo', 'Morumbi', 'São Paulo', 'Brasil', 'Feminino', 'sandra.ribeiro@email.com', 'senha124', 'Pedagogia', 'Doutora');

INSERT INTO DepartamentoAcademicoInfo (codigoUnicoDepartamento, nome) VALUES
(1, 'Departamento de Matemática'),
(2, 'Departamento de Física'),
(3, 'Departamento de Química'),
(4, 'Departamento de Biologia'),
(5, 'Departamento de História'),
(6, 'Departamento de Geografia'),
(7, 'Departamento de Literatura'),
(8, 'Departamento de Filosofia'),
(9, 'Departamento de Sociologia'),
(10, 'Departamento de Artes'),
(11, 'Departamento de Matemática Avançada'),
(12, 'Departamento de Física Avançada'),
(13, 'Departamento de Química Avançada'),
(14, 'Departamento de Biologia Avançada'),
(15, 'Departamento de História Moderna'),
(16, 'Departamento de Geografia Econômica'),
(17, 'Departamento de Literatura Comparada'),
(18, 'Departamento de Filosofia Contemporânea'),
(19, 'Departamento de Sociologia Cultural'),
(20, 'Departamento de Artes Contemporâneas');

INSERT INTO UsuarioUnidade (idUsuario, idUnidade) VALUES
(1, 1),
(2, 2),
(3, 3),
(4, 4),
(5, 5),
(6, 6),
(7, 7),
(8, 8),
(9, 9),
(10, 10),
(11, 1),
(12, 2),
(13, 3),
(14, 4),
(15, 5),
(16, 6),
(17, 7),
(18, 8),
(19, 9),
(20, 10);

INSERT INTO DepartamentoAcademicoChefes (codigoUnicoDepartamento, idUsuario, idUnidade) VALUES
(1, 2, 2),
(2, 3, 3),
(3, 4, 4),
(4, 5, 5),
(5, 6, 6),
(6, 7, 7),
(7, 8, 8),
(8, 9, 9),
(9, 10, 10),
(10, 11, 1),
(11, 12, 2),
(12, 13, 3),
(13, 14, 4),
(14, 15, 5),
(15, 16, 6),
(16, 17, 7),
(17, 18, 8),
(18, 19, 9),
(19, 20, 10),
(20, 1, 1);

INSERT INTO Curso (codigoUnicoDepartamento, idUsuario, codigoUnicoCurso, nome, nivelEnsino, cargaTotal, nVagas, ementa, salaAula, idUnidade) VALUES
(1, 2, 101, 'Matemática', 'Graduação', 360, 30, 'Cálculo, Álgebra, Geometria', 'Sala 101', 2),
(2, 3, 102, 'Física', 'Graduação', 360, 30, 'Mecânica, Termodinâmica, Óptica', 'Sala 102', 3),
(3, 4, 103, 'Química', 'Graduação', 360, 30, 'Química Geral, Orgânica, Analítica', 'Sala 103', 4),
(4, 5, 104, 'Biologia', 'Graduação', 360, 30, 'Genética, Biologia Celular', 'Sala 104', 5),
(5, 6, 105, 'História', 'Graduação', 360, 30, 'História Geral, História Moderna', 'Sala 105', 6),
(6, 7, 106, 'Geografia', 'Graduação', 360, 30, 'Geografia Humana, Geografia Física', 'Sala 106', 7),
(7, 8, 107, 'Literatura', 'Graduação', 360, 30, 'Literatura Brasileira, Literatura Mundial', 'Sala 107', 8),
(8, 9, 108, 'Filosofia', 'Graduação', 360, 30, 'Filosofia Antiga, Filosofia Contemporânea', 'Sala 108', 9),
(9, 10, 109, 'Sociologia', 'Graduação', 360, 30, 'Sociologia Geral, Sociologia Política', 'Sala 109', 10),
(10, 11, 110, 'Artes', 'Graduação', 360, 30, 'Teoria da Arte, Artes Visuais', 'Sala 110', 1),
(11, 12, 111, 'Matemática', 'Mestrado', 720, 15, 'Álgebra Abstrata, Cálculo Avançado', 'Sala 111', 2),
(12, 13, 112, 'Física', 'Mestrado', 720, 15, 'Física Teórica, Mecânica Quântica Avançada', 'Sala 112', 3),
(13, 14, 113, 'Química', 'Mestrado', 720, 15, 'Química Analítica Avançada', 'Sala 113', 4),
(14, 15, 114, 'Biologia', 'Mestrado', 720, 15, 'Genética Avançada, Biotecnologia', 'Sala 114', 5),
(15, 16, 115, 'História', 'Mestrado', 720, 15, 'História Contemporânea, História das Ideias', 'Sala 115', 6),
(16, 17, 116, 'Geografia', 'Mestrado', 720, 15, 'Geografia Econômica, Geografia Urbana', 'Sala 116', 7),
(17, 18, 117, 'Literatura', 'Mestrado', 720, 15, 'Literatura Comparada, Literatura Inglesa', 'Sala 117', 8),
(18, 19, 118, 'Filosofia', 'Mestrado', 720, 15, 'Fenomenologia, Lógica Filosófica', 'Sala 118', 9),
(19, 20, 119, 'Sociologia', 'Mestrado', 720, 15, 'Sociologia Cultural, Teorias Sociológicas', 'Sala 119', 10),
(20, 1, 120, 'Artes', 'Mestrado', 720, 15, 'Arte Contemporânea, História da Arte', 'Sala 120', 1);

INSERT INTO DisciplinaCurso (sigla, codigoUnicoCurso) VALUES
('MAT101', 101),
('FIS101', 102),
('QUI101', 103),
('BIO101', 104),
('HIST101', 105),
('GEO101', 106),
('PORT101', 107),
('ENG101', 108),
('ESP101', 109),
('FRA101', 110),
('MAT102', 111),
('FIS102', 112),
('QUI102', 113),
('BIO102', 114),
('HIST102', 115),
('GEO102', 116),
('PORT102', 117),
('ENG102', 118),
('ESP102', 119);

INSERT INTO CursoUnidade (codigoUnicoCurso, idUnidade) VALUES
(101, 1),
(102, 2),
(103, 3),
(104, 4),
(105, 5),
(106, 6),
(107, 7),
(108, 8),
(109, 9),
(110, 10),
(111, 1),
(112, 2),
(113, 3),
(114, 4),
(115, 5),
(116, 6),
(117, 7),
(118, 8),
(119, 9),
(120, 10);

INSERT INTO Matricular (idMatricula, codigoUnicoCurso, dataEfetivacao, status, dataLimiteConfirmacao, periodo, sigla, idUsuario, idUnidade, bolsaDeEstudo) VALUES
(1, 101, '2025-06-01', 'Ativa', '2025-06-15', '2025-1', 'MAT101', 1, 1, true),
(2, 102, '2025-06-02', 'Ativa', '2025-06-15', '2025-1', 'FIS101', 2, 2, false),
(3, 103, '2025-06-03', 'Ativa', '2025-06-15', '2025-1', 'QUI101', 3, 3, true),
(4, 104, '2025-06-04', 'Ativa', '2025-06-15', '2025-1', 'BIO101', 4, 4, false),
(5, 105, '2025-06-05', 'Ativa', '2025-06-15', '2025-1', 'HIST101', 5, 5, true),
(6, 106, '2025-06-06', 'Ativa', '2025-06-15', '2025-1', 'GEO101', 6, 6, false),
(7, 107, '2025-06-07', 'Ativa', '2025-06-15', '2025-1', 'PORT101', 7, 7, true),
(8, 108, '2025-06-08', 'Ativa', '2025-06-15', '2025-1', 'ENG101', 8, 8, false),
(9, 109, '2025-06-09', 'Ativa', '2025-06-15', '2025-1', 'ESP101', 9, 9, true),
(10, 110, '2025-06-10', 'Ativa', '2025-06-15', '2025-1', 'FRA101', 10, 10, false),
(11, 111, '2025-06-11', 'Ativa', '2025-06-15', '2025-1', 'MAT102', 11, 11, true),
(12, 112, '2025-06-12', 'Ativa', '2025-06-15', '2025-1', 'FIS102', 12, 12, false),
(13, 113, '2025-06-13', 'Ativa', '2025-06-15', '2025-1', 'QUI102', 13, 13, true),
(14, 114, '2025-06-14', 'Ativa', '2025-06-15', '2025-1', 'BIO102', 14, 14, false),
(15, 115, '2025-06-15', 'Ativa', '2025-06-15', '2025-1', 'HIST102', 15, 15, true),
(16, 116, '2025-06-16', 'Ativa', '2025-06-15', '2025-1', 'GEO102', 16, 16, false),
(17, 117, '2025-06-17', 'Ativa', '2025-06-15', '2025-1', 'PORT102', 17, 17, true),
(18, 118, '2025-06-18', 'Ativa', '2025-06-15', '2025-1', 'ENG102', 18, 18, false),
(19, 119, '2025-06-19', 'Ativa', '2025-06-15', '2025-1', 'ESP102', 19, 19, true),
(20, 110, '2025-06-20', 'Ativa', '2025-06-15', '2025-1', 'FRA101', 20, 20, false);

INSERT INTO MensagemGenerica (idMensagemGenerica, texto, timestamp, tipo) VALUES
(1, 'Aviso sobre a data de matrícula', '2025-06-01 10:00:00', 'Aviso Administrativo'),
(2, 'Alteração no horário das aulas', '2025-06-02 11:00:00', 'Aviso Administrativo'),
(3, 'Reunião de pais e mestres', '2025-06-03 14:00:00', 'Aviso Administrativo'),
(4, 'Resultado de provas finais', '2025-06-04 15:00:00', 'Aviso Acadêmico'),
(5, 'Recesso escolar de fim de ano', '2025-06-05 09:00:00', 'Aviso Acadêmico'),
(6, 'Prova de recuperação disponível', '2025-06-06 16:00:00', 'Aviso Acadêmico'),
(7, 'Início das inscrições para estágio', '2025-06-07 17:00:00', 'Aviso Administrativo'),
(8, 'Mudança na disciplina de Química', '2025-06-08 18:00:00', 'Aviso Acadêmico'),
(9, 'Nova data para entrega de trabalhos', '2025-06-09 08:00:00', 'Aviso Acadêmico'),
(10, 'Lembrete sobre pagamento de mensalidades', '2025-06-10 19:00:00', 'Aviso Administrativo'),
(11, 'Curso de informática para alunos', '2025-06-11 12:00:00', 'Aviso Administrativo'),
(12, 'Fechamento de turmas para o próximo semestre', '2025-06-12 13:00:00', 'Aviso Acadêmico'),
(13, 'Recuperação de notas para disciplinas de Matemática', '2025-06-13 20:00:00', 'Aviso Acadêmico'),
(14, 'Resultado de pesquisa de satisfação da escola', '2025-06-14 21:00:00', 'Aviso Administrativo'),
(15, 'Início das aulas de inverno', '2025-06-15 22:00:00', 'Aviso Acadêmico'),
(16, 'Instruções para utilização do novo laboratório', '2025-06-16 23:00:00', 'Aviso Administrativo'),
(17, 'Mudança de professor na disciplina de Sociologia', '2025-06-17 13:00:00', 'Aviso Acadêmico'),
(18, 'Fechamento de matrícula para o novo curso de Filosofia', '2025-06-18 14:00:00', 'Aviso Acadêmico'),
(19, 'Aviso sobre participação em seminário internacional', '2025-06-19 15:00:00', 'Aviso Acadêmico'),
(20, 'Aviso sobre as novas instalações do Bloco C', '2025-06-20 16:00:00', 'Aviso Administrativo');

INSERT INTO MensagemIndividual (idMensagemGenerica, professorEnviou, idMatricula, idUsuario) VALUES
(1, true, 1, 2),
(2, true, 2, 3),
(3, false, 3, 4),
(4, true, 4, 5),
(5, false, 5, 6),
(6, true, 6, 7),
(7, false, 7, 8),
(8, true, 8, 9),
(9, false, 9, 10),
(10, true, 10, 11),
(11, false, 11, 12),
(12, true, 12, 13),
(13, false, 13, 14),
(14, true, 14, 15),
(15, false, 15, 16),
(16, true, 16, 17),
(17, false, 17, 18),
(18, true, 18, 19),
(19, false, 19, 20),
(20, true, 20, 1);

INSERT INTO Ministra (periodo, sigla, idUsuario, codigoUnicoCurso, idUnidade) VALUES
('2025-1', 'MAT101', 1, 101, 1),
('2025-1', 'FIS101', 2, 102, 2),
('2025-1', 'QUI101', 3, 103, 3),
('2025-1', 'BIO101', 4, 104, 4),
('2025-1', 'HIST101', 5, 105, 5),
('2025-1', 'GEO101', 6, 106, 6),
('2025-1', 'PORT101', 7, 107, 7),
('2025-1', 'ENG101', 8, 108, 8),
('2025-1', 'ESP101', 9, 109, 9),
('2025-1', 'FRA101', 10, 110, 10),
('2025-1', 'MAT102', 11, 111, 1),
('2025-1', 'FIS102', 12, 112, 2),
('2025-1', 'QUI102', 13, 113, 3),
('2025-1', 'BIO102', 14, 114, 4),
('2025-1', 'HIST102', 15, 115, 5),
('2025-1', 'GEO102', 16, 116, 6),
('2025-1', 'PORT102', 17, 117, 7),
('2025-1', 'ENG102', 18, 118, 8),
('2025-1', 'ESP102', 19, 119, 9);

INSERT INTO MensagemTurma (idMensagemGenerica, periodo, sigla, idUsuario, idUnidade, codigoUnicoCurso) VALUES
(1, '2025-1', 'MAT101', 1, 1, 101),
(2, '2025-1', 'FIS101', 2, 2, 102),
(3, '2025-1', 'QUI101', 3, 3, 103),
(4, '2025-1', 'BIO101', 4, 4, 104),
(5, '2025-1', 'HIST101', 5, 5, 105),
(6, '2025-1', 'GEO101', 6, 6, 106),
(7, '2025-1', 'PORT101', 7, 7, 107),
(8, '2025-1', 'ENG101', 8, 8, 108),
(9, '2025-1', 'ESP101', 9, 9, 109),
(10, '2025-1', 'FRA101', 10, 10, 110),
(11, '2025-1', 'MAT102', 11, 1, 111),
(12, '2025-1', 'FIS102', 12, 2, 112),
(13, '2025-1', 'QUI102', 13, 3, 113),
(14, '2025-1', 'BIO102', 14, 4, 114),
(15, '2025-1', 'HIST102', 15, 5, 115),
(16, '2025-1', 'GEO102', 16, 6, 116),
(17, '2025-1', 'PORT102', 17, 7, 117),
(18, '2025-1', 'ENG102', 18, 8, 118),
(19, '2025-1', 'ESP102', 19, 9, 119);

INSERT INTO Aviso (idMensagemGenerica, idUsuario, idUnidade) VALUES
(1, 1, 1),
(2, 2, 2),
(3, 3, 3),
(4, 4, 4),
(5, 5, 5),
(6, 6, 6),
(7, 7, 7),
(8, 8, 8),
(9, 9, 9),
(10, 10, 10),
(11, 11, 1),
(12, 12, 2),
(13, 13, 3),
(14, 14, 4),
(15, 15, 5),
(16, 16, 6),
(17, 17, 7),
(18, 18, 8),
(19, 19, 9),
(20, 20, 10);

INSERT INTO PreReqCurso (codigoUnicoCursoAtual, codigoUnicoCursoRequisito) VALUES
(101, 102),
(103, 104),
(105, 106),
(107, 108),
(109, 110),
(111, 112),
(113, 114),
(115, 116),
(117, 118),
(119, 120),
(101, 111),
(102, 112),
(103, 113),
(104, 114),
(105, 115),
(106, 116),
(107, 117),
(108, 118),
(109, 119),
(110, 120);

INSERT INTO PreReqDiscip (sigla, codigoUnicoCurso) VALUES
('MAT101', 101),
('FIS101', 102),
('QUI101', 103),
('BIO101', 104),
('HIST101', 105),
('GEO101', 106),
('PORT101', 107),
('ENG101', 108),
('ESP101', 109),
('FRA101', 110),
('MAT102', 111),
('FIS102', 112),
('QUI102', 113),
('BIO102', 114),
('HIST102', 115),
('GEO102', 116),
('PORT102', 117),
('ENG102', 118),
('ESP102', 119);

INSERT INTO ResponsavelDisciplina (idUsuario, idUnidade, codigoUnicoCurso, sigla) VALUES
(1, 1, 101, 'MAT101'),
(2, 2, 102, 'FIS101'),
(3, 3, 103, 'QUI101'),
(4, 4, 104, 'BIO101'),
(5, 5, 105, 'HIST101'),
(6, 6, 106, 'GEO101'),
(7, 7, 107, 'PORT101'),
(8, 8, 108, 'ENG101'),
(9, 9, 109, 'ESP101'),
(10, 10, 110, 'FRA101'),
(11, 1, 111, 'MAT102'),
(12, 2, 112, 'FIS102'),
(13, 3, 113, 'QUI102'),
(14, 4, 114, 'BIO102'),
(15, 5, 115, 'HIST102'),
(16, 6, 116, 'GEO102'),
(17, 7, 117, 'PORT102'),
(18, 8, 118, 'ENG102'),
(19, 9, 119, 'ESP102');

INSERT INTO Nota (idMatricula, nota) VALUES
(1, 8.5),
(2, 7.0),
(3, 6.5),
(4, 9.0),
(5, 7.5),
(6, 6.0),
(7, 8.0),
(8, 7.5),
(9, 9.5),
(10, 5.5),
(11, 8.5),
(12, 7.0),
(13, 6.0),
(14, 9.5),
(15, 7.5),
(16, 6.5),
(17, 8.0),
(18, 7.5),
(19, 9.0),
(20, 5.5);

INSERT INTO BolsaDeEstudo (idMatricula, bolsaDeEstudo) VALUES
(1, 'Bolsa Integral'),
(2, 'Bolsa Parcial'),
(3, 'Bolsa Integral'),
(4, 'Bolsa Parcial'),
(5, 'Bolsa Integral'),
(6, 'Bolsa Integral'),
(7, 'Bolsa Parcial'),
(8, 'Bolsa Integral'),
(9, 'Bolsa Parcial'),
(10, 'Bolsa Integral'),
(11, 'Bolsa Integral'),
(12, 'Bolsa Parcial'),
(13, 'Bolsa Integral'),
(14, 'Bolsa Parcial'),
(15, 'Bolsa Integral'),
(16, 'Bolsa Parcial'),
(17, 'Bolsa Integral'),
(18, 'Bolsa Parcial'),
(19, 'Bolsa Integral'),
(20, 'Bolsa Parcial');

INSERT INTO Avalia (idMatricula, codigoUnicoCurso, periodo, sigla, idUsuario, idUnidade, comentario, notaDidaticaProf, notaMaterial, notaRelevancia, notaInfra) VALUES
(1, 101, '2025-1', 'MAT101', 1, 1, 'Excelente professor', 9, 8, 9, 9),
(2, 102, '2025-1', 'FIS101', 2, 2, 'Bom material didático', 8, 9, 8, 7),
(3, 103, '2025-1', 'QUI101', 3, 3, 'Precisa melhorar a didática', 7, 7, 6, 8),
(4, 104, '2025-1', 'BIO101', 4, 4, 'Ótimo curso', 10, 9, 10, 10),
(5, 105, '2025-1', 'HIST101', 5, 5, 'Muito conteúdo importante', 8, 7, 9, 6),
(6, 106, '2025-1', 'GEO101', 6, 6, 'Boa didática, mas poderia ter mais conteúdo', 7, 6, 7, 8),
(7, 107, '2025-1', 'PORT101', 7, 7, 'Curso interessante', 9, 8, 9, 9),
(8, 108, '2025-1', 'ENG101', 8, 8, 'Boa metodologia', 8, 8, 8, 7),
(9, 109, '2025-1', 'ESP101', 9, 9, 'Aulas práticas muito boas', 9, 9, 9, 9),
(10, 110, '2025-1', 'FRA101', 10, 10, 'Precisa melhorar a clareza nas explicações', 6, 7, 6, 7),
(11, 111, '2025-1', 'MAT102', 11, 1, 'Desafiante, mas muito bom', 9, 9, 8, 9),
(12, 112, '2025-1', 'FIS102', 12, 2, 'Teórico, mas muito bom', 8, 7, 9, 8),
(13, 113, '2025-1', 'QUI102', 13, 3, 'Bom, mas poderia ter mais exemplos práticos', 7, 7, 6, 8),
(14, 114, '2025-1', 'BIO102', 14, 4, 'Excelente curso', 10, 10, 10, 10),
(15, 115, '2025-1', 'HIST102', 15, 5, 'Curso enriquecedor', 8, 7, 9, 6),
(16, 116, '2025-1', 'GEO102', 16, 6, 'Didática boa, mas poderia ter mais conteúdo teórico', 7, 6, 7, 8),
(17, 117, '2025-1', 'PORT102', 17, 7, 'Ótimo professor', 9, 8, 9, 9),
(18, 118, '2025-1', 'ENG102', 18, 8, 'Bom conteúdo, mas falta de atividades práticas', 8, 8, 8, 7),
(19, 119, '2025-1', 'ESP102', 19, 9, 'Muito bom curso', 9, 9, 9, 9);
